{
	"Pages": [
		{
			"Browser Name": "Shoe Store Site",
			"Page Name": "Shoe Store",
			"Data": [
				{
					"Object Name": "Welcome",
					"Selector": "XPATH://div[@class='row']/h2[text()='Welcome to Shoe Store!']",
					"Object Type": "WebObject",
					"ID": 1,
					"Frame ID": "#"
				},
				{
					"Object Name": "Home",
					"Selector": "XPATH://a[contains(text(),'Home')]",
					"Object Type": "WebButton",
					"ID": 2,
					"Frame ID": "#"
				},
				{
					"Object Name": "January",
					"Selector": "XPATH://a[contains(text(),'January')]",
					"Object Type": "WebButton",
					"ID": "3",
					"Frame ID": "#"
				},
				{
					"Object Name": "February",
					"Selector": "XPATH://a[contains(text(),'February')]",
					"Object Type": "WebButton",
					"ID": "4",
					"Frame ID": "#"
				},
				{
					"Object Name": "March",
					"Selector": "XPATH://a[contains(text(),'March')]",
					"Object Type": "WebButton",
					"ID": "5",
					"Frame ID": "#"
				},
				{
					"Object Name": "April",
					"Selector": "XPATH://a[contains(text(),'April')]",
					"Object Type": "WebButton",
					"ID": "6",
					"Frame ID": "#"
				},
				{
					"Object Name": "May",
					"Selector": "XPATH://a[contains(text(),'May')]",
					"Object Type": "WebButton",
					"ID": "7",
					"Frame ID": "#"
				},
				{
					"Object Name": "June",
					"Selector": "XPATH://a[contains(text(),'June')]",
					"Object Type": "WebButton",
					"ID": "8",
					"Frame ID": "#"
				},
				{
					"Object Name": "July",
					"Selector": "XPATH://a[contains(text(),'July')]",
					"Object Type": "WebButton",
					"ID": "9",
					"Frame ID": "#"
				},
				{
					"Object Name": "August",
					"Selector": "XPATH://a[contains(text(),'August')]",
					"Object Type": "WebButton",
					"ID": "10",
					"Frame ID": "#"
				},
				{
					"Object Name": "September",
					"Selector": "XPATH://a[contains(text(),'September')]",
					"Object Type": "WebButton",
					"ID": "11",
					"Frame ID": "#"
				},
				{
					"Object Name": "October",
					"Selector": "XPATH://a[contains(text(),'October')]",
					"Object Type": "WebButton",
					"ID": "12",
					"Frame ID": "#"
				},
				{
					"Object Name": "November",
					"Selector": "XPATH://a[contains(text(),'November')]",
					"Object Type": "WebButton",
					"ID": "13",
					"Frame ID": "#"
				},
				{
					"Object Name": "December",
					"Selector": "XPATH://a[contains(text(),'December')]",
					"Object Type": "WebButton",
					"ID": "14",
					"Frame ID": "#"
				},
				{
					"Object Name": "All Shoes",
					"Selector": "XPATH://a[contains(text(),'All Shoes')]",
					"Object Type": "WebButton",
					"ID": "15",
					"Frame ID": "#"
				},
				{
					"Object Name": "Remind Me New Shoes Email",
					"Selector": "XPATH://input[@id='remind_email_input']",
					"Object Type": "WebTextBox",
					"ID": "16",
					"Frame ID": "#"
				},
				{
					"Object Name": "Remind Me New Shoes Submit",
					"Selector": "XPATH://input[@id='remind_email_submit']",
					"Object Type": "WebButton",
					"ID": "17",
					"Frame ID": "#"
				},
				{
					"Object Name": "Promotional Code",
					"Selector": "XPATH://input[@id='promo_code_input']",
					"Object Type": "WebTextBox",
					"ID": "18",
					"Frame ID": "#"
				},
				{
					"Object Name": "Promotional Code Submit",
					"Selector": "XPATH://input[@id='promo_code_submit']",
					"Object Type": "WebButton",
					"ID": "19",
					"Frame ID": "#"
				},
				{
					"Object Name": "Select Brand",
					"Selector": "XPATH://select[@id='brand']",
					"Object Type": "WebComboBox",
					"ID": "20",
					"Frame ID": "#"
				},
				{
					"Object Name": "Search Brand",
					"Selector": "XPATH://input[@id='search_button']",
					"Object Type": "WebButton",
					"ID": "21",
					"Frame ID": "#"
				},
				{
					"Object Name": "Shoe Results",
					"Selector": "XPATH://ul[@id='shoe_list']//div[@class='shoe_result']",
					"Object Type": "WebObject",
					"ID": "22",
					"Frame ID": "#"
				},
				{
					"Object Name": "Shoe Details Table",
					"Selector": "XPATH://div[@class='shoe_result']/table",
					"Object Type": "WebTable",
					"ID": "23",
					"Frame ID": "#"
				},
				{
					"Object Name": "Notify Me Shoe Availability",
					"Selector": "XPATH://input[@class='notification_email_input']",
					"Object Type": "WebTextBox",
					"ID": "24",
					"Frame ID": "#"
				},
				{
					"Object Name": "Notify Me Submit",
					"Selector": "XPATH://input[@class='notification_email_submit']",
					"Object Type": "WebButton",
					"ID": "25",
					"Frame ID": "#"
				},
				{
					"Object Name": "Back",
					"Selector": "XPATH://a[contains(text(),'Back')]",
					"Object Type": "WebButton",
					"ID": "26",
					"Frame ID": "#"
				}
				
			]
		}
	]
}
